Metric,Value
arima_mae,101397736198.88214
arima_rmse,106846456724.21774
arima_mape,13.601802039626186
prophet_mae,75944078745.93146
prophet_rmse,80621592256.82489
prophet_mape,11.427887952003658
